[
    {"name":"Aarakocra", "subraces":"none", "title":"Players Companion", "publication":"PC", "page": "3", "img": "https://firebasestorage.googleapis.com/v0/b/cree-dnd.appspot.com/o/img%2Fraces%2FaarakocraDnd.jpg?alt=media&token=21871a44-d875-4bec-959a-89e927341331"},
    {"name":"Aasimar", "subraces":"Protector, Scourge, Fallen", "title":"Volo's Guide to Monsters", "publication":"VGM", "page": "104", "img": "https://firebasestorage.googleapis.com/v0/b/cree-dnd.appspot.com/o/img%2Fraces%2FaasimarDnd.jpg?alt=media&token=2e1d46be-406c-465d-ab85-0d4e28b0214e"},
    {"name":"BugBear", "subraces":"none", "title":"Volo's Guide to Monsters", "publication":"VGM", "page": "119", "img": "https://firebasestorage.googleapis.com/v0/b/cree-dnd.appspot.com/o/img%2Fraces%2FbugbearDnd.jpg?alt=media&token=7e50a71c-ec40-47e6-bef1-adeee34b684e"},
    {"name":"Dragonborn", "subraces":"none", "title":"Players Handbook", "publication":"PH", "page": "32", "img": "https://firebasestorage.googleapis.com/v0/b/cree-dnd.appspot.com/o/img%2Fraces%2FdragonbornDnd.jpg?alt=media&token=59f286f1-2469-4c8d-a9ef-952093db4f4d"},
    {"name":"Dwarf", "subraces":"Hill, Moutain, Duergar", "title":"Players Handbook Mordenkainen's Tome of Foes", "publication":"PH/MTF", "page": "19/81", "img": "https://firebasestorage.googleapis.com/v0/b/cree-dnd.appspot.com/o/img%2Fraces%2FdwarfDnd.jpg?alt=media&token=a46a4dad-db0a-4d9b-af0e-5954d1b0e802"},
    {"name":"Elf", "subraces":"High, Wood, Dark, Eldarin, Sea, Shadar-Kai", "title":"Players Handbook Mordenkainen's Tome of Foes", "publication":"PH/MTF", "page": "21/61", "img": "https://firebasestorage.googleapis.com/v0/b/cree-dnd.appspot.com/o/img%2Fraces%2FelfDnd.jpg?alt=media&token=289b33cc-8e16-4b15-bd61-7fda8a694b03"},
    {"name":"Firbolg", "subraces":"none", "title":"Players Companion", "publication":"VGM", "page": "106", "img": "https://firebasestorage.googleapis.com/v0/b/cree-dnd.appspot.com/o/img%2Fraces%2FfirbolgDnd.jpg?alt=media&token=1cf67834-8420-4cb4-9c7d-0e82756ec1b3"},
    {"name":"Genasi", "subraces":"Air, Earth, Fire, Water", "title":"Players Companion", "publication":"PC", "page": "7", "img": "https://firebasestorage.googleapis.com/v0/b/cree-dnd.appspot.com/o/img%2Fraces%2FgenasiDnd.jpg?alt=media&token=66331c37-2f54-4e6f-ab47-1f36449104ad"},
    {"name":"Gith", "subraces":"Githyanki, Githzaria", "title":"Mordenkainen's Tome of Foes", "publication":"MTF", "page": "96", "img": "https://firebasestorage.googleapis.com/v0/b/cree-dnd.appspot.com/o/img%2Fraces%2FgithzeraiDnd.jpg?alt=media&token=90fc846a-9e12-48b3-8b64-36d063e9c80f"},
    {"name":"Gnome", "subraces":"Forest, Rock, Deep", "title":"Players Companion Mordenkainen's Tome of Foes", "publication":"PH/MTF", "page": "35/119", "img": "https://firebasestorage.googleapis.com/v0/b/cree-dnd.appspot.com/o/img%2Fraces%2FgnomeDnd.jpg?alt=media&token=591e7005-dc47-44dc-bec8-88025732cd3b"},
    {"name":"Goblin", "subraces":"none", "title":"Volo's Guide to Monsters", "publication":"VGM", "page": "119", "img": "https://firebasestorage.googleapis.com/v0/b/cree-dnd.appspot.com/o/img%2Fraces%2FgoblinDnd.jpg?alt=media&token=d327efaa-03ec-447a-8a67-e9efcef27a20"},
    {"name":"Goliath", "subraces":"Nne", "title":"Volo's Guide to Monsters", "publication":"VGM", "page": "108", "img": "https://firebasestorage.googleapis.com/v0/b/cree-dnd.appspot.com/o/img%2Fraces%2FgoliathDnd.jpg?alt=media&token=23e98635-2f06-445a-96da-18712569c139"},
    {"name":"Half-Orc", "subraces":"none", "title":"Players Handbook", "publication":"PH", "page": "40", "img": "https://firebasestorage.googleapis.com/v0/b/cree-dnd.appspot.com/o/img%2Fraces%2FhalforcDnd.jpg?alt=media&token=48c821ae-8f00-4a7b-8686-81a916fe4788"},
    {"name":"Halfling", "subraces":"Lightfoot, Stout", "title":"Players Handbook", "publication":"PH", "page": "26", "img": "https://firebasestorage.googleapis.com/v0/b/cree-dnd.appspot.com/o/img%2Fraces%2FhalflingDnd.jpg?alt=media&token=a63b9711-ef0c-4289-bdc5-5277849e357b"},
    {"name":"Hobgoblin", "subraces":"none", "title":"Volo's Guide to Monsters", "publication":"VGM", "page": "119", "img": "https://firebasestorage.googleapis.com/v0/b/cree-dnd.appspot.com/o/img%2Fraces%2FhobgoblinDnd.jpg?alt=media&token=e9504dbe-2187-49f4-ad27-c1e36d8e47f5"},
    {"name":"Human", "subraces":"Variant", "title":"Players Handbook", "publication":"PH", "page": "29", "img": "https://firebasestorage.googleapis.com/v0/b/cree-dnd.appspot.com/o/img%2Fraces%2FhumanDnd.jpg?alt=media&token=ad8ad65f-1f79-4370-8dcb-eb63cbafa101"},
    {"name":"Kenku", "subraces":"none", "title":"Volo's Guide to Monsters", "publication":"VGM", "page": "109", "img": "https://firebasestorage.googleapis.com/v0/b/cree-dnd.appspot.com/o/img%2Fraces%2FkenkuDnd.jpg?alt=media&token=79e139ea-1bcb-4de7-b9ca-a0661ce49b8b"},
    {"name":"Kobold", "subraces":"none", "title":"Volo's Guide to Monsters", "publication":"VGM", "page": "119", "img": "https://firebasestorage.googleapis.com/v0/b/cree-dnd.appspot.com/o/img%2Fraces%2FkoboldDnd.jpg?alt=media&token=f4639bfd-67ad-4100-a4e5-4ef87980e258"},
    {"name":"Lizardfolk", "subraces":"none", "title":"Volo's Guide to Monsters", "publication":"VGM", "page": "111", "img": "https://firebasestorage.googleapis.com/v0/b/cree-dnd.appspot.com/o/img%2Fraces%2FlizardfolkDnd.jpg?alt=media&token=1fb2d0b8-3fc2-48ba-8ed4-9bde96aef031"},
    {"name":"Orc", "subraces":"none", "title":"Volo's Guide to Monsters", "publication":"VGM", "page": "120", "img": "https://firebasestorage.googleapis.com/v0/b/cree-dnd.appspot.com/o/img%2Fraces%2ForcDnd.jpg?alt=media&token=6f96c452-1903-4338-83ab-98fb6c1fba30"},
    {"name":"Tabaxi", "subraces":"none", "title":"Volo's Guide to Monsters", "publication":"VGM", "page": "113", "img": "https://firebasestorage.googleapis.com/v0/b/cree-dnd.appspot.com/o/img%2Fraces%2FtabaxiDnd.jpg?alt=media&token=9828c4b6-6453-4fc1-a57f-306d88648e4e"},
    {"name":"Tiefling", "subraces":"none", "title":"Players Handbook", "publication":"PH", "page": "42", "img": "https://firebasestorage.googleapis.com/v0/b/cree-dnd.appspot.com/o/img%2Fraces%2FtieflingDnd.jpg?alt=media&token=70dabdce-678d-4da1-9faa-23aff9fc47fc"},
    {"name":"Triton", "subraces":"none", "title":"Volo's Guide to Monsters", "publication":"VGM", "page": "115", "img": "https://firebasestorage.googleapis.com/v0/b/cree-dnd.appspot.com/o/img%2Fraces%2FtritonDnd.jpg?alt=media&token=b5f7c083-c4e1-44ed-9dcd-3d87ea6d055d"},
    {"name":"Yuan-Ti", "subraces":"none", "title":"Volo's Guide to Monsters", "publication":"VGM", "page": "120", "img": "https://firebasestorage.googleapis.com/v0/b/cree-dnd.appspot.com/o/img%2Fraces%2FyuanTiDnd.jpg?alt=media&token=d6af6c08-2ea4-4cf6-b494-a9989915a8de"}
]